duration,max_ay,min_ay,range_ay,mean_ay,std_ay,gyro_var,label,set_id,rep_id,start_time,end_time
6.840364000000001,0.659,-1.079,1.738,-0.6814569343065693,0.5143616609141264,683.0350943178518,0,0,0,39.465368,46.305732
2.6204190000000054,0.734,-1.105,1.839,-0.29090114068441064,0.6097493015651229,2327.6006355504055,0,0,1,46.313548,48.933967
4.642509000000004,0.866,-1.1,1.9660000000000002,-0.39569247311827954,0.6423105118237284,1043.399420007196,0,0,2,48.944038,53.586547
6.113916000000003,0.792,-1.078,1.87,-0.5341454248366014,0.5596422264823075,677.1465504217261,0,0,3,53.591373,59.705289
6.071134000000001,0.906,-1.097,2.003,-0.31439802631578945,0.6509981123113543,526.8875460681024,1,0,4,59.712766,65.7839
9.183795000000003,0.866,-1.087,1.9529999999999998,-0.4785875952121872,0.6299906045369026,485.8552012247239,1,0,5,65.791206,74.975001
18.881507999999997,0.852,-1.206,2.058,-0.6873080995235573,0.5088842863361684,270.60196289638293,1,0,6,74.983356,93.864864
4.840873999999985,0.624,-1.092,1.7160000000000002,-0.5299670103092783,0.5730864915060656,368.08095985977684,0,1,0,292.484455,297.325329
3.8081300000000056,0.631,-1.163,1.794,-0.5295575916230366,0.5648755833753802,671.8246289815521,0,1,1,297.335481,301.143611
2.752941999999962,0.684,-1.12,1.8040000000000003,-0.4104239130434783,0.579912035440252,1186.2612257998844,0,1,2,301.150233,303.903175
5.6023009999999545,0.746,-1.137,1.883,-0.6830926916221034,0.5191223623182564,705.3466002014928,0,1,3,303.91581,309.518111
2.9132189999999696,0.803,-1.12,1.923,-0.39771917808219176,0.5890478007343797,1332.3183429100675,0,1,4,309.524538,312.437757
4.052683999999999,0.761,-1.164,1.9249999999999998,-0.5525837438423645,0.5634448597529689,1167.5611095396637,0,1,5,312.443553,316.496237
4.6044089999999755,0.707,-1.122,1.8290000000000002,-0.529175704989154,0.5325390512864858,908.8204435483647,0,1,6,316.505625,321.110034
5.210356999999988,0.744,-1.159,1.903,-0.5392509578544061,0.5000483235738764,1040.6914470666059,1,1,7,321.118172,326.328529
6.0877720000000295,0.836,-1.2,2.036,-0.5047131147540983,0.5382997135716142,1194.6163713784897,1,1,8,326.335875,332.423647
8.76335899999998,1.191,-1.312,2.503,-0.49721436716077544,0.5465792697993846,892.5492710734766,1,1,9,332.432004,341.195363
4.134031999999991,0.519,-1.169,1.6880000000000002,-0.626828502415459,0.49149598811930373,1242.0449749197414,0,2,0,506.924031,511.058063
2.112938999999983,0.516,-1.192,1.708,-0.42733962264150943,0.5363652899648735,2214.5473151409756,0,2,1,511.061428,513.174367
5.047410999999897,0.583,-1.196,1.779,-0.6671264822134388,0.5096523264772491,706.7536810804262,0,2,2,513.185992,518.233403
2.4705340000000433,0.5,-1.167,1.667,-0.41642338709677423,0.5103657075282249,1837.5236109932202,0,2,3,518.243443,520.713977
3.8333840000000237,0.393,-1.153,1.546,-0.6547506493506494,0.44647829476289613,1253.0371698674312,0,2,4,520.732159,524.565543
5.795058999999924,0.67,-1.229,1.899,-0.6490034423407918,0.4676154362310716,975.368565906802,0,2,5,524.577926,530.372985
3.296934999999962,0.632,-1.166,1.798,-0.43998791540785503,0.45621926524517886,1411.806812732359,0,2,6,530.385662,533.682597
5.254995000000008,0.551,-1.16,1.7109999999999999,-0.6215190114068441,0.4447025863686617,1370.2840711099661,1,2,7,533.693656,538.948651
5.469291999999996,0.593,-1.169,1.762,-0.5509197080291971,0.47438690834452196,1349.0954610383712,1,2,8,538.95629,544.425582
7.626248000000032,0.773,-1.164,1.9369999999999998,-0.5390131061598952,0.4773748988599193,1050.630242753204,1,2,9,544.437131,552.063379
4.562619999999924,0.515,-1.121,1.6360000000000001,-0.6841663019693655,0.4677270411630282,1066.461624551451,0,3,0,794.854134,799.416754
6.4222200000000385,0.589,-1.666,2.255,-0.7837807153965785,0.4375839294405364,818.5580706989784,0,3,1,799.426971,805.849191
1.9776150000000143,0.606,-1.258,1.8639999999999999,-0.38658291457286437,0.5571105841071129,2910.9832454270345,0,3,2,805.854463,807.832078
3.86926399999993,0.63,-1.261,1.891,-0.6496520618556701,0.5128266673981744,1517.8549434296617,0,3,3,807.846483,811.715747
3.7858420000000024,0.649,-1.19,1.839,-0.6374947368421053,0.5173638467967192,1965.556987383345,0,3,4,811.729177,815.515019
3.790597000000048,0.739,-1.152,1.891,-0.6103763157894737,0.5449048231399346,1884.956100855367,0,3,5,815.525316,819.315913
4.3355320000000575,0.729,-1.151,1.88,-0.5659333333333333,0.5298915418557539,1410.2307138664767,0,3,6,819.329839,823.665371
3.752458000000047,0.713,-1.143,1.8559999999999999,-0.5888776595744681,0.5387475536113199,2004.6703001380715,0,3,7,823.674809,827.427267
4.909742000000051,0.698,-1.186,1.884,-0.5748252032520325,0.5057290418346964,1719.8151695705928,0,3,8,827.436739,832.346481
4.926084999999944,0.759,-1.212,1.971,-0.561742914979757,0.5194937280684283,1817.4538901293786,0,3,9,832.357556,837.283641
4.803271999999993,0.604,-1.157,1.7610000000000001,-0.5558794178794179,0.4954738822544885,1692.6116357428261,0,3,10,837.296023,842.099295
5.782269000000042,0.82,-1.217,2.037,-0.5112590673575129,0.5524763175160143,1600.8991088485482,0,3,11,842.10393,847.886199
5.769555000000082,0.803,-1.144,1.947,-0.5318858131487888,0.5234809006996809,1494.131122387163,1,3,12,847.896041,853.665596
6.422903000000019,0.765,-1.19,1.955,-0.527407465007776,0.5393132221132168,1441.697053363365,1,3,13,853.674368,860.097271
7.672057999999993,0.62,-1.189,1.8090000000000002,-0.5640520833333333,0.4712902694949894,1404.954618070631,1,3,14,860.103972,867.77603
4.440590999999813,0.416,-1.162,1.5779999999999998,-0.6869955056179774,0.4591150843241352,1606.1589102026714,0,4,0,1089.365457,1093.806048
2.015194000000065,0.444,-1.234,1.678,-0.4081773399014779,0.4974310438919214,2459.4862934248345,0,4,1,1093.819749,1095.834943
3.367424999999912,0.532,-1.237,1.7690000000000001,-0.6669082840236685,0.49700859634680117,2816.229623019607,0,4,2,1095.847972,1099.215397
4.551082999999835,0.504,-1.169,1.673,-0.7473552631578947,0.44541195313845694,1968.4087786455402,0,4,3,1099.224672,1103.775755
1.942698000000064,0.52,-1.211,1.731,-0.43530769230769234,0.5273377039842614,2736.7932734559895,0,4,4,1103.783853,1105.726551
3.092873999999938,0.591,-1.269,1.8599999999999999,-0.6148709677419354,0.5154908742307592,3536.82411708205,0,4,5,1105.735105,1108.827979
3.6210909999999785,0.679,-1.216,1.895,-0.6003526170798898,0.531615581364862,2162.707555609286,0,4,6,1108.833724,1112.454815
3.4480000000000928,0.61,-1.304,1.9140000000000001,-0.6118872832369942,0.5166736333163281,2451.28832714501,0,4,7,1112.467125,1115.915125
3.8619360000000142,0.838,-1.217,2.055,-0.5183229974160207,0.5757556109840755,2253.8886067106273,0,4,8,1115.924669,1119.786605
4.141947000000073,0.582,-1.207,1.7890000000000001,-0.5446192771084338,0.4915384205792072,1566.7287968576225,0,4,9,1119.796173,1123.93812
4.379325000000108,0.73,-1.363,2.093,-0.5833986332574033,0.4955027433366726,2073.7878272099565,0,4,10,1123.943959,1128.323284
4.7509959999999865,0.711,-1.23,1.9409999999999998,-0.5272436974789916,0.5042411965607508,1683.0707481091729,0,4,11,1128.335127,1133.086123
5.347259000000122,0.731,-1.162,1.8929999999999998,-0.5792462686567165,0.49133121312770245,2020.0112216985654,0,4,12,1133.096171,1138.44343
6.192564999999831,0.825,-1.178,2.003,-0.5166790322580646,0.5167618237288623,1439.253666581998,1,4,13,1138.454615,1144.64718
5.4478039999999055,0.804,-1.259,2.0629999999999997,-0.4833608058608059,0.5435854848530637,2351.341536331418,1,4,14,1144.658678,1150.106482
7.110359000000017,0.889,-1.263,2.152,-0.5311404494382022,0.5286455609861487,1465.2995379826232,1,4,15,1150.115771,1157.22613
3.0019509999999627,0.518,-1.195,1.713,-0.4534252491694352,0.5163235727600751,1540.5953947596165,0,5,0,1338.507724,1341.509675
4.7810870000000705,0.541,-1.197,1.738,-0.7245386221294364,0.44364768845655056,1383.1465118753229,0,5,1,1341.517062,1346.298149
1.8912149999998746,0.536,-1.212,1.748,-0.44828947368421057,0.5354759372398361,3661.7233273681163,0,5,2,1346.305513,1348.196728
3.244324000000006,0.495,-1.264,1.759,-0.6264246153846155,0.49353780746168047,2210.3064167968378,0,5,3,1348.205926,1351.45025
3.169503000000077,0.665,-1.385,2.05,-0.6681415094339622,0.45698036314717516,2195.1979033708317,0,5,4,1351.459286,1354.628789
3.3780859999999393,0.615,-1.256,1.871,-0.5971356932153393,0.5220386341734223,1809.8975415637346,0,5,5,1354.638962,1358.017048
3.674825999999939,0.91,-1.246,2.156,-0.49451630434782606,0.5924463695737571,1923.986307390706,0,5,6,1358.026466,1361.701292
4.5488410000000385,0.73,-1.278,2.008,-0.5372258771929824,0.5248346350565407,1147.3615667205245,0,5,7,1361.707035,1366.255876
4.5831490000000485,0.844,-1.242,2.086,-0.48998039215686273,0.5690345124014761,1289.30117580732,1,5,8,1366.262856,1370.846005
4.712019000000055,0.972,-1.236,2.208,-0.5080889830508474,0.5676907807869449,1680.2708459528872,1,5,9,1370.856227,1375.568246
6.098651999999902,0.711,-1.253,1.964,-0.5959803600654665,0.464622701698294,1132.2675160342385,1,5,10,1375.576718,1381.67537
4.022863000000143,0.784,-0.675,1.459,-0.1075086848635236,0.46705620173822915,2460.1043172818995,0,6,0,1559.1861,1563.208963
5.102386999999908,0.735,-0.717,1.452,-0.17459099804305286,0.4731386137126121,2099.7358203979534,0,6,1,1563.215239,1568.317626
3.5836810000000696,0.754,-0.679,1.433,-0.022041666666666654,0.4757855853889322,2915.786673589622,0,6,2,1568.329818,1571.913499
4.291621999999961,0.695,-0.666,1.361,-0.1105697674418605,0.47152550895749035,1855.0150750769928,0,6,3,1571.923955,1576.215577
4.314328999999816,0.744,-0.706,1.45,-0.04175462962962963,0.46558906334287153,2078.051984949583,0,6,4,1576.226857,1580.541186
6.4252080000001115,0.717,-0.654,1.371,-0.12124223602484471,0.48461263299116286,1330.396077032857,0,6,5,1580.551741,1586.976949
9.526233000000047,0.665,-0.68,1.3450000000000002,-0.2333700209643606,0.4299134479498074,778.0509299689447,0,6,6,1586.989185,1596.515418
6.568895999999995,0.765,-0.72,1.4849999999999999,-0.08781458966565349,0.44276700319518913,1242.0132730678138,1,6,7,1596.526552,1603.095448
7.907247999999981,0.651,-0.665,1.316,-0.10426010101010103,0.447200224657058,683.3702570106733,1,6,8,1603.110956,1611.018204
4.704960999999912,0.148,-0.766,0.914,-0.2570063694267516,0.20338324705432437,862.1592210224892,1,6,9,1611.024586,1615.729547
4.538665000000037,0.827,-0.597,1.424,-0.11085054945054948,0.45843052809897455,1562.40794892441,0,7,0,1740.028177,1744.566842
3.429887000000008,0.803,-0.587,1.3900000000000001,0.017607558139534837,0.4857740108260603,3008.156120156842,0,7,1,1744.577919,1748.007806
3.2414810000000216,0.785,-0.59,1.375,-0.04771692307692309,0.4374028171866755,2587.990837085444,0,7,2,1748.016986,1751.258467
3.659392999999909,0.664,-0.61,1.274,-0.09305177111716623,0.4110516784217958,2343.9671502869573,0,7,3,1751.265675,1754.925068
2.6725799999999253,0.698,-0.529,1.2269999999999999,0.10455223880597016,0.40644357738739745,3061.827159669233,0,7,4,1754.935416,1757.607996
3.6836620000001403,0.666,-0.563,1.229,-0.05176422764227642,0.4209246129382897,1896.2742266125251,0,7,5,1757.613502,1761.297164
3.7217010000001665,0.71,-0.507,1.217,-0.020327077747989288,0.41961440264550764,2116.6619357267,0,7,6,1761.305111,1765.026812
3.2714679999999134,0.697,-0.495,1.192,0.0694908536585366,0.39863775648068533,1938.4653071888386,0,7,7,1765.035472,1768.30694
3.6193600000001425,0.776,-0.508,1.284,0.07446280991735534,0.4177010749457525,1997.8527565424945,0,7,8,1768.319022,1771.938382
3.99675000000002,0.741,-0.504,1.245,0.0632793017456359,0.4206353901740129,1920.084713882339,0,7,9,1771.948652,1775.945402
3.61569099999997,0.727,-0.5,1.2269999999999999,0.10789226519337017,0.4068720759443522,2242.2715711161213,0,7,10,1775.951945,1779.567636
3.511164000000008,0.713,-0.639,1.3519999999999999,0.1351647727272727,0.38806878506375314,2424.568691209711,0,7,11,1779.575985,1783.087149
5.557562000000189,0.828,-0.546,1.374,-0.054622980251346494,0.4248615083802566,1627.8480139818469,0,7,12,1783.099552,1788.657114
4.41802000000007,0.752,-0.537,1.2890000000000001,0.1425349887133183,0.4172635086887411,2258.4978788056906,0,7,13,1788.664393,1793.082413
6.459863000000041,0.687,-0.567,1.254,0.011338485316846983,0.41829355419768505,1283.3671479981751,0,7,14,1793.095715,1799.555578
4.992964999999913,0.664,-0.559,1.223,0.09461200000000003,0.390365943002204,1533.8389982487838,0,7,15,1799.56616,1804.559125
6.859735000000001,0.715,-0.531,1.246,0.0026084425036390123,0.43948524155144675,1159.2019924649926,0,7,16,1804.56591,1811.425645
6.3308609999999135,0.745,-0.583,1.3279999999999998,0.059805993690851746,0.3982651399100174,1174.4832213262175,0,7,17,1811.435473,1817.766334
8.006446000000096,0.793,-0.592,1.385,-0.03755056179775281,0.4374722794174913,895.6926419463155,1,7,18,1817.773352,1825.779798
6.990422999999964,0.708,-0.552,1.26,0.07468714285714284,0.39142849097757254,1015.010285285641,1,7,19,1825.783704,1832.774127
7.761829000000034,0.758,-0.546,1.304,0.003902187902187916,0.44676576135201834,1060.5836680028458,1,7,20,1832.784533,1840.546362
4.224204999999984,0.727,-0.551,1.278,-0.018562647754137074,0.4303386705500299,1425.2299769636113,0,8,0,1971.293729,1975.517934
4.279575999999906,0.667,-0.576,1.2429999999999999,-0.12534032634032638,0.4072082916674103,1803.520304369352,0,8,1,1975.52644,1979.806016
3.642677000000049,0.688,-0.64,1.3279999999999998,-0.04630958904109587,0.42296570674953365,2332.826162894652,0,8,2,1979.816392,1983.459069
3.389024000000063,0.759,-0.531,1.29,0.04682647058823527,0.4152584693394362,2220.8186700191263,0,8,3,1983.466447,1986.855471
4.870781999999963,0.681,-0.559,1.2400000000000002,-0.014948770491803282,0.41943943787830523,1086.18308085138,0,8,4,1986.86226,1991.733042
5.412581999999929,0.781,-0.603,1.384,0.048929889298893,0.4382808147469662,1107.768729195902,0,8,5,1991.744441,1997.157023
5.588756999999987,0.755,-0.556,1.311,-0.004262500000000026,0.39480253747126554,1012.1233486734566,0,8,6,1997.168719,2002.757476
6.163925000000063,0.694,-0.534,1.228,-0.004862236628849259,0.37544930034754925,890.7508257884782,0,8,7,2002.766969,2008.930894
6.584859000000051,0.749,-0.549,1.298,0.049410606060606044,0.42327383808679175,851.582597615978,0,8,8,2008.940108,2015.524967
7.0265609999999015,0.722,-0.545,1.267,0.05130255681818181,0.39326954192652536,557.4850602150193,1,8,9,2015.538929,2022.56549
7.793387000000166,0.759,-0.674,1.433,-0.013069142125480163,0.3624499934890135,732.1243582099544,1,8,10,2022.581356,2030.374743
9.691868000000113,0.789,-0.539,1.328,0.08036288659793814,0.35908425663744076,579.0731967154524,1,8,11,2030.387785,2040.079653
4.583114999999907,0.726,-0.472,1.198,0.050631808278867124,0.41412925890848856,969.8882604226959,0,9,0,2164.196311,2168.779426
3.610446000000138,0.659,-0.463,1.122,0.07889226519337017,0.38592948286089485,1537.4695858144441,0,9,1,2168.785825,2172.396271
4.242363000000296,0.723,-0.507,1.23,0.02202823529411766,0.4066934838315011,1063.6531804622616,0,9,2,2172.405383,2176.647746
3.7611879999999474,0.706,-0.505,1.2109999999999999,0.03520159151193635,0.3929278748046874,1441.4960587341363,0,9,3,2176.655222,2180.41641
4.403531999999814,0.735,-0.494,1.229,0.04565532879818597,0.39237907885006174,974.548294627866,0,9,4,2180.425901,2184.829433
5.322979000000032,0.664,-0.526,1.19,0.059446529080675416,0.3751698195248709,891.3217243442865,0,9,5,2184.834848,2190.157827
6.160350000000108,0.738,-0.523,1.2610000000000001,-0.018672609400324138,0.4241099859394731,910.0493930550764,0,9,6,2190.167236,2196.327586
5.920720000000074,0.691,-0.535,1.226,0.07227150084317031,0.36395373686410026,778.6091914574363,0,9,7,2196.336378,2202.257098
6.849331999999777,0.662,-0.569,1.2309999999999999,0.02305976676384842,0.4010722191817361,668.0546541296164,1,9,8,2202.267517,2209.116849
7.14926000000014,0.716,-0.531,1.2469999999999999,0.11925977653631287,0.39408085139010784,538.3883078263086,1,9,9,2209.12369,2216.27295
7.041754999999739,0.731,-0.674,1.405,0.013649645390070929,0.37915263578574593,779.3581108198462,1,9,10,2216.284395,2223.32615
4.7271709999999985,0.755,-1.201,1.956,-0.35312658227848104,0.5042113163024758,4219.485706363599,0,10,0,2436.60865,2441.335821
4.682612999999947,0.78,-0.908,1.6880000000000002,-0.26678464818763326,0.5202668071658256,246.32558689972313,0,10,1,2441.34427,2446.026883
4.353996999999708,0.825,-0.986,1.811,-0.23747706422018344,0.5251629602276334,37.76426641219174,0,10,2,2446.033283,2450.38728
4.221906000000217,0.886,-0.984,1.87,-0.18925768321513,0.5828820197653989,71.910186754791,0,10,3,2450.397611,2454.619517
3.9911689999999,0.87,-0.974,1.8439999999999999,-0.172905,0.570409599301239,35.35692661369375,0,10,4,2454.625715,2458.616884
4.479717000000164,0.871,-0.968,1.839,-0.2516013363028953,0.5844122504565914,50.986619402592254,0,10,5,2458.62849,2463.108207
4.3566109999997025,0.877,-0.918,1.795,-0.25552631578947366,0.5932413791836098,31.246305422115636,1,10,6,2463.119427,2467.476038
4.26845800000001,0.97,-0.964,1.934,-0.07454439252336448,0.6214822539337206,36.25101071138855,1,10,7,2467.488694,2471.757152
16.067814999999882,0.521,-1.322,1.843,-0.618455223880597,0.39530254549232424,95.99934637310184,1,10,8,2471.767633,2487.835448
4.340319999999792,0.769,-0.915,1.6840000000000002,-0.3407103448275862,0.5391870967440555,96.74464257922578,0,11,0,2602.067591,2606.407911
3.670148000000154,0.732,-0.895,1.627,-0.2692364130434783,0.5192891421266307,57.15239362804229,0,11,1,2606.41682,2610.086968
3.6328920000000835,0.832,-0.962,1.794,-0.16889560439560442,0.5388510111139079,38.03475839031367,0,11,2,2610.094096,2613.726988
4.3086490000000595,0.745,-0.872,1.617,-0.23177546296296297,0.5016520328705137,52.07676484451625,0,11,3,2613.740187,2618.048836
4.399081000000024,0.794,-0.864,1.658,-0.24366893424036282,0.5378801585842681,40.40516584089962,0,11,4,2618.057157,2622.456238
4.112016999999923,0.756,-0.912,1.6680000000000001,-0.2367160194174757,0.5144505028090318,65.59730733025616,0,11,5,2622.464947,2626.576964
3.909965000000284,0.784,-0.906,1.69,-0.24057908163265307,0.5301674782279513,65.1986349143521,0,11,6,2626.588931,2630.498896
3.7320840000002136,0.841,-0.919,1.76,-0.18640909090909086,0.5441349569373444,58.00835527427865,1,11,7,2630.506555,2634.238639
4.137631000000056,0.948,-0.888,1.8359999999999999,-0.16531566265060244,0.598455062475767,52.84779989687908,1,11,8,2634.247467,2638.385098
8.71940799999993,0.103,-1.12,1.223,-0.6200130486358245,0.3380270838827475,74.53983991363951,1,11,9,2638.400062,2647.11947
4.152422999999999,0.771,-0.896,1.667,-0.3139278846153846,0.5305379523067439,95.59432513673609,0,12,0,2751.334703,2755.487126
3.8179159999999683,0.845,-0.991,1.8359999999999999,-0.18981984334203658,0.5267925522737066,51.748008243617456,0,12,1,2755.499082,2759.316998
3.8398630000001504,0.736,-0.872,1.608,-0.26227532467532466,0.5035768343484707,57.80836306915837,0,12,2,2759.326866,2763.166729
4.559353999999985,0.774,-0.861,1.635,-0.2366039387308534,0.5334271862662642,61.402249692198666,0,12,3,2763.178418,2767.737772
4.129863000000114,0.764,-0.86,1.624,-0.23275845410628015,0.49951271386964413,72.16659778585849,0,12,4,2767.749215,2771.879078
3.820009999999911,0.77,-0.86,1.63,-0.20476240208877278,0.5210798172288116,62.51474013053466,0,12,5,2771.888304,2775.708314
4.7898589999999786,0.883,-0.864,1.7469999999999999,-0.26224791666666664,0.550283815971958,51.75410694103732,1,12,6,2775.717254,2780.507113
4.23195799999985,0.952,-0.852,1.8039999999999998,-0.1351320754716981,0.5809147889234978,53.648047506491416,1,12,7,2780.515307,2784.747265
13.762720999999601,0.585,-1.85,2.435,-0.5691518895348837,0.5147266344182795,133.24352163896393,1,12,8,2784.757981,2798.520702
4.3679839999999786,0.739,-0.925,1.6640000000000001,-0.2696050228310502,0.5216882251565668,169.84685096907901,0,13,0,2909.660438,2914.028422
3.995687000000089,0.77,-0.813,1.583,-0.15920698254364093,0.48618918103115255,90.21243692525545,0,13,1,2914.038406,2918.034093
4.392534999999953,0.751,-0.803,1.554,-0.21107256235827665,0.4837339312852204,38.490405357191705,0,13,2,2918.051814,2922.444349
3.676792000000205,0.729,-0.84,1.569,-0.1851924119241193,0.5060831935067684,121.06513778735466,0,13,3,2922.456741,2926.133533
3.9498250000001462,0.782,-0.885,1.667,-0.223290404040404,0.5048224750563894,46.84734005848255,0,13,4,2926.147685,2930.09751
4.009129999999914,0.879,-0.832,1.7109999999999999,-0.16220149253731342,0.5317754423554173,51.268783188064646,1,13,5,2930.107716,2934.116846
4.130269999999655,0.918,-0.833,1.751,-0.05967391304347824,0.6015998175923927,49.986783387360255,1,13,6,2934.127382,2938.257652
6.967191000000184,0.415,-1.163,1.578,-0.34457388809182216,0.49055423585355384,107.33613342995706,1,13,7,2938.267629,2945.23482
3.8278299999997216,0.795,-0.898,1.693,-0.259875,0.5025944977481017,40.93851102213542,0,14,0,2999.758984,3003.586814
3.5112910000002557,0.703,-0.842,1.545,-0.21997727272727274,0.5211497991171394,78.26452999118673,0,14,1,3003.595579,3007.10687
3.559158000000025,0.756,-0.844,1.6,-0.15878151260504197,0.5054132872399779,48.762952900093374,0,14,2,3007.117967,3010.677125
4.002433999999994,0.756,-1.056,1.812,-0.22169576059850377,0.4878498524246019,49.689143692564095,0,14,3,3010.685662,3014.688096
3.616563000000042,0.825,-0.82,1.645,-0.1504132231404959,0.5356472668985555,27.1788929137354,0,14,4,3014.698734,3018.315297
3.8530100000002676,0.825,-0.826,1.6509999999999998,-0.16553626943005184,0.5137807741806705,44.34306345722704,0,14,5,3018.326357,3022.179367
3.693714,0.812,-0.804,1.616,-0.20533513513513516,0.5152509082915352,55.494452737100076,0,14,6,3022.186161,3025.879875
3.982641000000058,0.835,-0.921,1.756,-0.1853358395989975,0.5180067276769007,23.212153236637963,0,14,7,3025.885609,3029.86825
3.9752300000000105,0.841,-0.814,1.6549999999999998,-0.18216541353383464,0.5374403436794661,26.10853562976363,0,14,8,3029.877491,3033.852721
4.028502000000117,0.86,-0.801,1.661,-0.1862029702970297,0.542633761755678,32.17774929903931,0,14,9,3033.87203,3037.900532
4.100275999999667,0.81,-0.816,1.626,-0.233734793187348,0.5221444927136414,27.731062550600576,1,14,10,3037.905959,3042.006235
4.721367999999984,0.9,-0.802,1.702,0.11944397463002117,0.5373576270762462,53.74691238283817,1,14,11,3042.017404,3046.738772
6.355334000000312,0.375,-1.276,1.651,-0.4624253968253968,0.49152472849296264,3005.491103399909,1,14,12,3046.747876,3053.10321
4.307589999999891,0.472,-0.985,1.4569999999999999,-0.5663657407407408,0.3742725976408394,1963.705928082685,0,15,0,3166.980619,3171.288209
3.838314000000082,0.524,-1.014,1.538,-0.4698025974025974,0.4312096576196112,2368.528668019592,0,15,1,3171.298494,3175.136808
3.94972400000006,0.468,-1.0,1.468,-0.47541414141414146,0.41747541535554283,2188.0870948684,0,15,2,3175.145412,3179.095136
4.256869000000279,0.436,-0.995,1.431,-0.5220772833723654,0.3870865428884863,1838.0377288420823,0,15,3,3179.106891,3183.36376
4.261775999999827,0.522,-0.946,1.468,-0.5085269320843092,0.39918639867934863,1951.8055102078436,1,15,4,3183.376549,3187.638325
4.459665000000314,0.538,-0.939,1.4769999999999999,-0.4735033557046979,0.42286733960131156,2032.526632215466,1,15,5,3187.64947,3192.109135
4.029808999999659,0.521,-0.933,1.4540000000000002,-0.4134381188118812,0.4480192862190019,2114.7038967497983,1,15,6,3192.117368,3196.147177
5.400706999999784,0.411,-1.037,1.448,-0.6026894639556378,0.34043500993406495,1818.0265989000652,0,16,0,3270.918204,3276.318911
4.3945269999999255,0.366,-0.948,1.314,-0.5271451247165533,0.35523510375357986,1461.5279344364847,0,16,1,3276.328278,3280.722805
4.419152999999824,0.363,-0.908,1.271,-0.5368758465011287,0.3404926459150797,1215.7501735079925,0,16,2,3280.736565,3285.155718
3.867330999999922,0.463,-0.939,1.402,-0.48429896907216496,0.3846833659788175,1889.7198498965552,0,16,3,3285.166996,3289.034327
4.014091999999891,0.39,-0.936,1.326,-0.5320967741935483,0.35795548202420685,1731.864779058217,0,16,4,3289.048648,3293.06274
4.185996000000159,0.41,-0.962,1.3719999999999999,-0.5373976190476191,0.36095093518839744,1834.6862709580726,0,16,5,3293.077534,3297.26353
3.98136999999997,0.377,-0.943,1.3199999999999998,-0.5260200501253133,0.3771972547905822,2030.583109674864,1,16,6,3297.27743,3301.2588
3.9911990000000515,0.454,-0.957,1.411,-0.42515250000000004,0.4255637369933557,1915.2488223819748,1,16,7,3301.267312,3305.258511
4.7330839999999625,0.558,-0.927,1.485,-0.2730295358649789,0.464365756801315,1729.4153116211075,1,16,8,3305.267322,3310.000406
4.410777000000053,0.495,-0.989,1.484,-0.5520226244343892,0.41222406861566624,2098.5867098743065,0,17,0,3392.637616,3397.048393
4.152404000000388,0.449,-0.955,1.404,-0.4719639423076924,0.3811945308296778,1557.3046854599668,0,17,1,3397.054507,3401.206911
4.00664900000038,0.35,-0.924,1.274,-0.49144776119402983,0.3608390767515461,1604.4327228242926,0,17,2,3401.217867,3405.224516
4.518650999999863,0.238,-0.945,1.1829999999999998,-0.5383090507726269,0.3119059996396995,1156.3760198241696,0,17,3,3405.236609,3409.75526
4.183762999999999,0.473,-0.939,1.412,-0.5080952380952382,0.3808419938281998,2107.3926528514967,0,17,4,3409.770755,3413.954518
4.316565999999966,0.494,-0.95,1.444,-0.45818013856812934,0.3862333232920587,2187.3785034923117,1,17,5,3413.967478,3418.284044
4.4081389999996645,0.527,-0.955,1.482,-0.47712217194570145,0.4208679068648105,2070.7161595602265,1,17,6,3418.297163,3422.705302
4.286174000000301,0.623,-0.941,1.564,-0.25171627906976746,0.5034687154227266,2212.111503904754,1,17,7,3422.717022,3427.003196
4.110801999999694,0.54,-0.941,1.4809999999999999,-0.5161601941747572,0.41221862255898667,2383.111072622885,0,18,0,3490.446417,3494.557219
4.3598729999998795,0.445,-0.953,1.398,-0.45171853546910745,0.4036467528645362,1512.989919329598,0,18,1,3494.570456,3498.930329
4.0427199999999175,0.464,-0.932,1.3960000000000001,-0.48686172839506175,0.38996046098018305,1755.0858967293034,0,18,2,3498.934322,3502.977042
3.8574929999999767,0.506,-0.941,1.447,-0.4583359173126616,0.4156019274437494,2310.5079196981887,0,18,3,3502.990486,3506.847979
4.249461999999767,0.476,-0.937,1.413,-0.49492723004694833,0.393096365946693,1773.408317720999,0,18,4,3506.860094,3511.109556
4.184259000000111,0.525,-0.936,1.461,-0.42746539379474946,0.44659758078207923,2250.1460438273193,1,18,5,3511.113783,3515.298042
7.233372000000145,-0.14,-1.652,1.512,-0.6980828651685392,0.2625759604139275,753.6054391355239,1,18,6,3515.310627,3522.543999
1.5538440000000264,0.327,-1.155,1.482,-0.6482189349112426,0.31248499040316796,9700.393264293896,1,18,7,3522.548661,3524.102505
4.683806000000004,0.528,-0.914,1.4420000000000002,-0.4488358208955223,0.4112455322035428,1361.228769255177,0,19,0,3568.124949,3572.808755
4.193999000000076,0.438,-0.902,1.34,-0.4644928571428571,0.3661386576362106,1610.9693883289967,0,19,1,3572.814513,3577.008512
3.9675649999999223,0.4,-0.92,1.32,-0.4756331658291458,0.3616571380924115,1690.8511694047627,0,19,2,3577.020735,3580.9883
3.6499549999998635,0.424,-0.886,1.31,-0.48568852459016393,0.36578855044794223,2080.4107763345355,0,19,3,3580.998087,3584.648042
4.05054999999993,0.439,-0.915,1.354,-0.5055886699507389,0.35255110487205515,1548.6283828974738,0,19,4,3584.660324,3588.710874
4.220583000000261,0.483,-0.936,1.419,-0.517385342789598,0.36744840003494295,1984.3779002843362,0,19,5,3588.715327,3592.93591
4.029743999999937,0.425,-0.904,1.329,-0.5148341584158417,0.35732146372302215,1802.993866374228,0,19,6,3592.947172,3596.976916
3.775521000000026,0.441,-0.901,1.342,-0.4938759894459102,0.379685229898979,2149.191430081049,1,19,7,3596.990138,3600.765659
4.119560000000092,0.485,-0.871,1.3559999999999999,-0.4321961259079903,0.4006492041414537,1626.8607424850004,1,19,8,3600.777597,3604.897157
2.65042799999992,0.239,-1.039,1.278,-0.360593984962406,0.31503656638445643,1069.651330931723,1,19,9,3610.746803,3613.397231
